{
 "experiment": "COINCIDENCE q: value-collision rate of error-model cell pairs on the real corpus (first sheets), from Excel-cached <v> values",
 "corpus_files": 231,
 "files_measured": 230,
 "files_skipped": 1,
 "semantics": {
  "excel": "pairs with >=1 nonempty cell; EMPTY collides with 0 and \"\" (what a formula read actually sees) \u2014 headline",
  "strict": "both cells nonempty, typed equality only"
 },
 "models": {
  "M2v_offbyone_row": {
   "excel_semantics": {
    "files_in_distribution": 217,
    "pooled_pairs": 58557,
    "pooled_q": 0.178254,
    "file_rate_mean": 0.163432,
    "file_rate_median": 0.125,
    "file_rate_p10": 0.0,
    "file_rate_p90": 0.398496,
    "files_check_blind_rate>=0.99": 0,
    "files_rate==0": 48,
    "detection": {
     "naive_independent": {
      "miss_k": {
       "1": 0.17825366736683915,
       "2": 0.031774369929727736,
       "3": 0.005663897968244584,
       "4": 0.0010096105844311861,
       "5": 0.00017996678928723672,
       "6": 3.207974019468513e-05,
       "7": 5.718331337878022e-06,
       "8": 1.0193135321954813e-06,
       "9": 1.816963753104912e-07,
       "10": 3.2388045246356664e-08
      },
      "detection_k": {
       "1": 0.8217463326331609,
       "2": 0.9682256300702723,
       "3": 0.9943361020317554,
       "4": 0.9989903894155688,
       "5": 0.9998200332107128,
       "6": 0.9999679202598053,
       "7": 0.9999942816686621,
       "8": 0.9999989806864678,
       "9": 0.9999998183036247,
       "10": 0.9999999676119548
      },
      "k_for_99pct": 3,
      "k_for_99.9pct": 5
     },
     "mixture_dependent": {
      "miss_k": {
       "1": 0.16343202055797604,
       "2": 0.05307617501745621,
       "3": 0.022260671292360458,
       "4": 0.010925799302051235,
       "5": 0.005925952057285853,
       "6": 0.0034358529585619187,
       "7": 0.002087831989705821,
       "8": 0.0013131982090730974,
       "9": 0.0008478271566006025,
       "10": 0.000558543265492741
      },
      "detection_k": {
       "1": 0.836567979442024,
       "2": 0.9469238249825438,
       "3": 0.9777393287076396,
       "4": 0.9890742006979487,
       "5": 0.9940740479427141,
       "6": 0.996564147041438,
       "7": 0.9979121680102941,
       "8": 0.998686801790927,
       "9": 0.9991521728433994,
       "10": 0.9994414567345072
      },
      "k_for_99pct": 5,
      "k_for_99.9pct": 9,
      "asymptotic_miss_floor(frac files rate==1)": 0.0
     }
    }
   },
   "strict_both_nonempty": {
    "files_in_distribution": 213,
    "pooled_pairs": 55255,
    "pooled_q": 0.184128,
    "file_rate_mean": 0.176965,
    "file_rate_median": 0.138462,
    "file_rate_p10": 0.0,
    "file_rate_p90": 0.414966,
    "files_check_blind_rate>=0.99": 0,
    "files_rate==0": 48,
    "detection": {
     "naive_independent": {
      "miss_k": {
       "1": 0.18412813320061533,
       "2": 0.03390316943594354,
       "3": 0.0062425272978244425,
       "4": 0.0011494248978022963,
       "5": 0.00021164146068664488,
       "6": 3.896914706408334e-05,
       "7": 7.175316301329905e-06,
       "8": 1.3211775956878192e-06,
       "9": 2.432659643204755e-07,
       "10": 4.4792107881576644e-08
      },
      "detection_k": {
       "1": 0.8158718667993847,
       "2": 0.9660968305640565,
       "3": 0.9937574727021755,
       "4": 0.9988505751021977,
       "5": 0.9997883585393134,
       "6": 0.9999610308529359,
       "7": 0.9999928246836987,
       "8": 0.9999986788224043,
       "9": 0.9999997567340356,
       "10": 0.9999999552078921
      },
      "k_for_99pct": 3,
      "k_for_99.9pct": 5
     },
     "mixture_dependent": {
      "miss_k": {
       "1": 0.17696537915273625,
       "2": 0.06120960380423475,
       "3": 0.027002720431696523,
       "4": 0.013799309538108913,
       "5": 0.007721638403598309,
       "6": 0.0045783576582645764,
       "7": 0.0028214008598352234,
       "8": 0.0017860791416437736,
       "9": 0.001153011483304792,
       "10": 0.0007554051583098828
      },
      "detection_k": {
       "1": 0.8230346208472638,
       "2": 0.9387903961957652,
       "3": 0.9729972795683035,
       "4": 0.9862006904618911,
       "5": 0.9922783615964017,
       "6": 0.9954216423417355,
       "7": 0.9971785991401648,
       "8": 0.9982139208583563,
       "9": 0.9988469885166952,
       "10": 0.9992445948416901
      },
      "k_for_99pct": 5,
      "k_for_99.9pct": 10,
      "asymptotic_miss_floor(frac files rate==1)": 0.0
     }
    }
   }
  },
  "M2h_offbyone_col": {
   "excel_semantics": {
    "files_in_distribution": 214,
    "pooled_pairs": 51592,
    "pooled_q": 0.4039,
    "file_rate_mean": 0.10837,
    "file_rate_median": 0.060966,
    "file_rate_p10": 0.0,
    "file_rate_p90": 0.30303,
    "files_check_blind_rate>=0.99": 0,
    "files_rate==0": 63,
    "detection": {
     "naive_independent": {
      "miss_k": {
       "1": 0.4038998294309195,
       "2": 0.16313507221432588,
       "3": 0.06589022784156695,
       "4": 0.02661305178637332,
       "5": 0.01074900707715241,
       "6": 0.004341522125013606,
       "7": 0.0017535400457635584,
       "8": 0.000708254525384188,
       "9": 0.0002860638819963504,
       "10": 0.00011554115314467261
      },
      "detection_k": {
       "1": 0.5961001705690805,
       "2": 0.8368649277856741,
       "3": 0.934109772158433,
       "4": 0.9733869482136267,
       "5": 0.9892509929228476,
       "6": 0.9956584778749864,
       "7": 0.9982464599542364,
       "8": 0.9992917454746159,
       "9": 0.9997139361180036,
       "10": 0.9998844588468553
      },
      "k_for_99pct": 6,
      "k_for_99.9pct": 8
     },
     "mixture_dependent": {
      "miss_k": {
       "1": 0.10837044304811765,
       "2": 0.03018252107696729,
       "3": 0.01191534598501316,
       "4": 0.0057973225676672575,
       "5": 0.0032233316247413523,
       "6": 0.0019570784138907248,
       "7": 0.0012593680604545965,
       "8": 0.0008418622504098686,
       "9": 0.0005769970840835391,
       "10": 0.00040208189455507535
      },
      "detection_k": {
       "1": 0.8916295569518824,
       "2": 0.9698174789230327,
       "3": 0.9880846540149868,
       "4": 0.9942026774323327,
       "5": 0.9967766683752587,
       "6": 0.9980429215861093,
       "7": 0.9987406319395454,
       "8": 0.9991581377495902,
       "9": 0.9994230029159165,
       "10": 0.999597918105445
      },
      "k_for_99pct": 4,
      "k_for_99.9pct": 8,
      "asymptotic_miss_floor(frac files rate==1)": 0.0
     }
    }
   },
   "strict_both_nonempty": {
    "files_in_distribution": 209,
    "pooled_pairs": 46930,
    "pooled_q": 0.438163,
    "file_rate_mean": 0.134378,
    "file_rate_median": 0.076923,
    "file_rate_p10": 0.0,
    "file_rate_p90": 0.384615,
    "files_check_blind_rate>=0.99": 1,
    "files_rate==0": 64,
    "detection": {
     "naive_independent": {
      "miss_k": {
       "1": 0.4381632218197315,
       "2": 0.19198700895544724,
       "3": 0.0841216463914524,
       "4": 0.036859011607658976,
       "5": 0.016150263279102735,
       "6": 0.0070764513916085564,
       "7": 0.0031006407407979278,
       "8": 0.001358586736693539,
       "9": 0.0005952827416711963,
       "10": 0.0002608310039843343
      },
      "detection_k": {
       "1": 0.5618367781802684,
       "2": 0.8080129910445528,
       "3": 0.9158783536085476,
       "4": 0.963140988392341,
       "5": 0.9838497367208973,
       "6": 0.9929235486083915,
       "7": 0.996899359259202,
       "8": 0.9986414132633065,
       "9": 0.9994047172583288,
       "10": 0.9997391689960157
      },
      "k_for_99pct": 6,
      "k_for_99.9pct": 9
     },
     "mixture_dependent": {
      "miss_k": {
       "1": 0.134378407428157,
       "2": 0.04418516834333611,
       "3": 0.02050653496335506,
       "4": 0.012200542512758716,
       "5": 0.008704886321903369,
       "6": 0.00703821676919197,
       "7": 0.0061653715521231495,
       "8": 0.005672547567288008,
       "9": 0.005376686503834345,
       "10": 0.00519008901570416
      },